feature_name,feature_type,selection_method,selection_score,rank
1throw_16thcolumn,connectome_edge,SelectKBest_f_classif,19.172784033712954,1.0
78throw_170thcolumn,connectome_edge,SelectKBest_f_classif,16.4810008662936,2.0
143throw_199thcolumn,connectome_edge,SelectKBest_f_classif,14.86538779073548,3.0
37throw_134thcolumn,connectome_edge,SelectKBest_f_classif,14.393780413577192,4.0
50throw_197thcolumn,connectome_edge,SelectKBest_f_classif,14.392773914718086,5.0
0throw_166thcolumn,connectome_edge,SelectKBest_f_classif,14.027465345273697,6.0
1throw_119thcolumn,connectome_edge,SelectKBest_f_classif,13.963139014642628,7.0
78throw_189thcolumn,connectome_edge,SelectKBest_f_classif,13.86909343721497,8.0
166throw_184thcolumn,connectome_edge,SelectKBest_f_classif,13.81028932305313,9.0
76throw_170thcolumn,connectome_edge,SelectKBest_f_classif,13.486407793114013,10.0
53throw_127thcolumn,connectome_edge,SelectKBest_f_classif,13.027507938405169,11.0
39throw_130thcolumn,connectome_edge,SelectKBest_f_classif,12.767778095044914,12.0
96throw_169thcolumn,connectome_edge,SelectKBest_f_classif,12.604835863506834,13.0
69throw_91thcolumn,connectome_edge,SelectKBest_f_classif,12.550521679128831,14.0
2throw_166thcolumn,connectome_edge,SelectKBest_f_classif,12.53286067453776,15.0
65throw_96thcolumn,connectome_edge,SelectKBest_f_classif,12.284275514797725,16.0
7throw_144thcolumn,connectome_edge,SelectKBest_f_classif,12.21121682011786,17.0
96throw_170thcolumn,connectome_edge,SelectKBest_f_classif,12.13335883930553,18.0
159throw_166thcolumn,connectome_edge,SelectKBest_f_classif,11.872647281539734,19.0
8throw_169thcolumn,connectome_edge,SelectKBest_f_classif,11.563456162917392,20.0
81throw_161thcolumn,connectome_edge,SelectKBest_f_classif,11.42422351333232,21.0
52throw_199thcolumn,connectome_edge,SelectKBest_f_classif,11.423515449843151,22.0
101throw_166thcolumn,connectome_edge,SelectKBest_f_classif,11.315991311453704,23.0
58throw_163thcolumn,connectome_edge,SelectKBest_f_classif,11.13200127628729,24.0
24throw_162thcolumn,connectome_edge,SelectKBest_f_classif,11.114220675032461,25.0
98throw_143thcolumn,connectome_edge,SelectKBest_f_classif,11.090149469559798,26.0
101throw_118thcolumn,connectome_edge,SelectKBest_f_classif,11.053971007953722,27.0
98throw_162thcolumn,connectome_edge,SelectKBest_f_classif,11.03736524913087,28.0
1throw_118thcolumn,connectome_edge,SelectKBest_f_classif,11.025347288047795,29.0
166throw_179thcolumn,connectome_edge,SelectKBest_f_classif,10.957129199770918,30.0
50throw_189thcolumn,connectome_edge,SelectKBest_f_classif,10.761389558151407,31.0
130throw_139thcolumn,connectome_edge,SelectKBest_f_classif,10.7157069693253,32.0
44throw_96thcolumn,connectome_edge,SelectKBest_f_classif,10.593686363961735,33.0
65throw_101thcolumn,connectome_edge,SelectKBest_f_classif,10.49089593109127,34.0
44throw_98thcolumn,connectome_edge,SelectKBest_f_classif,10.360718170828518,35.0
98throw_147thcolumn,connectome_edge,SelectKBest_f_classif,10.35646660745533,36.0
18throw_80thcolumn,connectome_edge,SelectKBest_f_classif,10.32998645165435,37.0
63throw_149thcolumn,connectome_edge,SelectKBest_f_classif,10.30566070484439,38.0
79throw_170thcolumn,connectome_edge,SelectKBest_f_classif,10.275463246221324,39.0
70throw_81thcolumn,connectome_edge,SelectKBest_f_classif,10.237470546944257,40.0
91throw_92thcolumn,connectome_edge,SelectKBest_f_classif,10.177723528163707,41.0
123throw_143thcolumn,connectome_edge,SelectKBest_f_classif,10.176055650546997,42.0
17throw_101thcolumn,connectome_edge,SelectKBest_f_classif,10.171755725475935,43.0
130throw_144thcolumn,connectome_edge,SelectKBest_f_classif,10.023264729619807,44.0
39throw_199thcolumn,connectome_edge,SelectKBest_f_classif,10.018433795652333,45.0
20throw_160thcolumn,connectome_edge,SelectKBest_f_classif,9.92901128677896,46.0
16throw_103thcolumn,connectome_edge,SelectKBest_f_classif,9.909735667933266,47.0
40throw_130thcolumn,connectome_edge,SelectKBest_f_classif,9.793095338393094,48.0
156throw_196thcolumn,connectome_edge,SelectKBest_f_classif,9.651609918139476,49.0
37throw_130thcolumn,connectome_edge,SelectKBest_f_classif,9.570902501625303,50.0
52throw_120thcolumn,connectome_edge,SelectKBest_f_classif,9.492549627352293,51.0
25throw_161thcolumn,connectome_edge,SelectKBest_f_classif,9.35446068384495,52.0
140throw_166thcolumn,connectome_edge,SelectKBest_f_classif,9.29804239269817,53.0
18throw_156thcolumn,connectome_edge,SelectKBest_f_classif,9.294116414784451,54.0
161throw_187thcolumn,connectome_edge,SelectKBest_f_classif,9.27862353867489,55.0
50throw_192thcolumn,connectome_edge,SelectKBest_f_classif,9.277987823633932,56.0
0throw_58thcolumn,connectome_edge,SelectKBest_f_classif,9.27407532185917,57.0
21throw_162thcolumn,connectome_edge,SelectKBest_f_classif,9.044971155371316,58.0
80throw_189thcolumn,connectome_edge,SelectKBest_f_classif,8.963123380602141,59.0
4throw_118thcolumn,connectome_edge,SelectKBest_f_classif,8.950682605275425,60.0
136throw_149thcolumn,connectome_edge,SelectKBest_f_classif,8.93160653641621,61.0
125throw_160thcolumn,connectome_edge,SelectKBest_f_classif,8.891577315131807,62.0
130throw_159thcolumn,connectome_edge,SelectKBest_f_classif,8.871706993604677,63.0
80throw_93thcolumn,connectome_edge,SelectKBest_f_classif,8.821456550222061,64.0
2throw_179thcolumn,connectome_edge,SelectKBest_f_classif,8.766821418527169,65.0
53throw_145thcolumn,connectome_edge,SelectKBest_f_classif,8.766651273026254,66.0
102throw_166thcolumn,connectome_edge,SelectKBest_f_classif,8.74299411831571,67.0
82throw_123thcolumn,connectome_edge,SelectKBest_f_classif,8.724337347565612,68.0
39throw_101thcolumn,connectome_edge,SelectKBest_f_classif,8.707171558988117,69.0
134throw_174thcolumn,connectome_edge,SelectKBest_f_classif,8.695752255337311,70.0
157throw_166thcolumn,connectome_edge,SelectKBest_f_classif,8.68908255802818,71.0
166throw_176thcolumn,connectome_edge,SelectKBest_f_classif,8.687767356844779,72.0
18throw_51thcolumn,connectome_edge,SelectKBest_f_classif,8.622538954814322,73.0
21throw_53thcolumn,connectome_edge,SelectKBest_f_classif,8.622391669122699,74.0
118throw_119thcolumn,connectome_edge,SelectKBest_f_classif,8.604653365718928,75.0
65throw_77thcolumn,connectome_edge,SelectKBest_f_classif,8.596750191532738,76.0
96throw_190thcolumn,connectome_edge,SelectKBest_f_classif,8.588981178239436,77.0
166throw_192thcolumn,connectome_edge,SelectKBest_f_classif,8.541068007307034,78.0
0throw_6thcolumn,connectome_edge,SelectKBest_f_classif,8.533057441840956,79.0
1throw_117thcolumn,connectome_edge,SelectKBest_f_classif,8.521524880672207,80.0
73throw_76thcolumn,connectome_edge,SelectKBest_f_classif,8.477422948334793,81.0
51throw_196thcolumn,connectome_edge,SelectKBest_f_classif,8.461521717263485,82.0
120throw_160thcolumn,connectome_edge,SelectKBest_f_classif,8.450763822104328,83.0
12throw_85thcolumn,connectome_edge,SelectKBest_f_classif,8.423001589153552,84.0
65throw_76thcolumn,connectome_edge,SelectKBest_f_classif,8.420144794070728,85.0
36throw_130thcolumn,connectome_edge,SelectKBest_f_classif,8.391591944748491,86.0
101throw_139thcolumn,connectome_edge,SelectKBest_f_classif,8.360973040953176,87.0
103throw_119thcolumn,connectome_edge,SelectKBest_f_classif,8.33787269937551,88.0
76throw_190thcolumn,connectome_edge,SelectKBest_f_classif,8.30789147008568,89.0
112throw_142thcolumn,connectome_edge,SelectKBest_f_classif,8.269254980902387,90.0
150throw_196thcolumn,connectome_edge,SelectKBest_f_classif,8.255361596225267,91.0
50throw_183thcolumn,connectome_edge,SelectKBest_f_classif,8.222814835309746,92.0
21throw_161thcolumn,connectome_edge,SelectKBest_f_classif,8.212853149801525,93.0
51throw_124thcolumn,connectome_edge,SelectKBest_f_classif,8.198679073975125,94.0
47throw_96thcolumn,connectome_edge,SelectKBest_f_classif,8.15654537925846,95.0
72throw_99thcolumn,connectome_edge,SelectKBest_f_classif,8.144040062009708,96.0
70throw_113thcolumn,connectome_edge,SelectKBest_f_classif,8.135074091917458,97.0
73throw_182thcolumn,connectome_edge,SelectKBest_f_classif,8.124145109730664,98.0
52throw_150thcolumn,connectome_edge,SelectKBest_f_classif,8.070211562391423,99.0
52throw_192thcolumn,connectome_edge,SelectKBest_f_classif,8.069587258562084,100.0
EHQ_EHQ_Total,quantitative_metadata,always_included,,
ColorVision_CV_Score,quantitative_metadata,always_included,,
APQ_P_APQ_P_CP,quantitative_metadata,always_included,,
APQ_P_APQ_P_ID,quantitative_metadata,always_included,,
APQ_P_APQ_P_INV,quantitative_metadata,always_included,,
APQ_P_APQ_P_OPD,quantitative_metadata,always_included,,
APQ_P_APQ_P_PM,quantitative_metadata,always_included,,
APQ_P_APQ_P_PP,quantitative_metadata,always_included,,
SDQ_SDQ_Conduct_Problems,quantitative_metadata,always_included,,
SDQ_SDQ_Difficulties_Total,quantitative_metadata,always_included,,
SDQ_SDQ_Emotional_Problems,quantitative_metadata,always_included,,
SDQ_SDQ_Externalizing,quantitative_metadata,always_included,,
SDQ_SDQ_Generating_Impact,quantitative_metadata,always_included,,
SDQ_SDQ_Hyperactivity,quantitative_metadata,always_included,,
SDQ_SDQ_Internalizing,quantitative_metadata,always_included,,
SDQ_SDQ_Peer_Problems,quantitative_metadata,always_included,,
SDQ_SDQ_Prosocial,quantitative_metadata,always_included,,
PreInt_Demos_Fam_Child_Ethnicity,categorical_metadata,always_included,,
PreInt_Demos_Fam_Child_Race,categorical_metadata,always_included,,
